<?xml version="1.0" encoding="UTF-8"?>
<project-private xmlns="http://www.netbeans.org/ns/project-private/1">
    <editor-bookmarks xmlns="http://www.netbeans.org/ns/editor-bookmarks/2" lastBookmarkId="0"/>
    <open-files xmlns="http://www.netbeans.org/ns/projectui-open-files/2">
        <group>
            <file>file:/C:/Users/nvanh/OneDrive/Documents/1/ChatLAN/ChatLAN/ChatLann/src/src/ChatServerController.java</file>
            <file>file:/C:/Users/nvanh/OneDrive/Documents/1/ChatLAN/ChatLAN/ChatLann/src/src/ChatClientController.java</file>
            <file>file:/C:/Users/nvanh/OneDrive/Documents/1/ChatLAN/ChatLAN/ChatLann/src/src/ChatClient.fxml</file>
            <file>file:/C:/Users/nvanh/OneDrive/Documents/1/ChatLAN/ChatLAN/ChatLann/src/src/ChatServerMain.java</file>
            <file>file:/C:/Users/nvanh/OneDrive/Documents/1/ChatLAN/ChatLAN/ChatLann/src/src/ChatClient.java</file>
            <file>file:/C:/Users/nvanh/OneDrive/Documents/1/ChatLAN/ChatLAN/ChatLann/src/src/chatclient.css</file>
            <file>file:/C:/Users/nvanh/OneDrive/Documents/1/ChatLAN/ChatLAN/ChatLann/src/src/ChatServer.fxml</file>
            <file>file:/C:/Users/nvanh/OneDrive/Documents/1/ChatLAN/ChatLAN/ChatLann/src/src/chatserver.css</file>
            <file>file:/C:/Users/nvanh/OneDrive/Documents/1/ChatLAN/ChatLAN/ChatLann/src/src/ChatLann.iml</file>
        </group>
    </open-files>
</project-private>
